header_name,price,price_for_m2
Kawalerka I Doskonała inwestycja I Top lokalizacja,249 000,15582zł/m²
Kawalerka Centrum Witomina,440 000,16923zł/m²
Dwupokojowe mieszkanie Babie Doły,495 000,10822zł/m²
Okazja tylko do końca czerwca!!!,469 000,8637zł/m²
Sprzedam mieszkanie Gdynia ul. Sokola,435 000,9409zł/m²
Kawalerka na Karwinach,355 000,12679zł/m²
Dwustronna kawalerka - możliwość 2 pokoi,339 000,9391zł/m²
18min od plaży +M.Postojowe +Dod Rabat na Dni otw!,369 563,11131zł/m²
⭐2 pokoje + Miejsce Postojowe⭐ Dni Otwarte,369 605,11238zł/m²
Idealne mieszkanie z loggią w spokojnej dzielnicy,599 000,9508zł/m²
⭐Nowe 2 pokoje _ 15min CENTRUM/PLAŻA _ Parking od 5tyś_ Umów TERMIN⭐,429 000,11000zł/m²
Najtańsze 3 pokoje ⭐ 15min Centrum/Plaża _ Garaż od 5tyś_ DNI OTWARTE⭐,505 000,10100zł/m²
Najtańsze 2 pokoje ❗ Parking 5tyś ❗ UMÓW TERMIN NA DNI OTWARTE Z BONEM,375 000,11364zł/m²
2 pokojowe mieszkanie Gdynia w otulinie Trójmiejskiego ParkuNarodowego,419 000,9311zł/m²
2-pokojowe mieszkanie 34m2 + balkon,maks. 600 000,Brak ceny za m2
⚠️Najtańsze 2 pokoje +Zgarnij Dod-RABAT + Parking 5tyś +DNI OTWARTE ⚠️,367 200,11127zł/m²
⚠️Nowe 3 pokoje⚠️Ogródek/Piętro⚠️GARAŻ 5tyś⚠️Umów DNI OTWARTE⚠️,504 000,10080zł/m²
❗Piękny OGRÓDEK + Nowe 3 pokoje + GARAŻ 5tyś + DNI OTWARTE ❗,531 800,10427zł/m²
Idealne dla szukających ciszy i dobrej lokalizacji,469 999,9038zł/m²
☎️Dni Otwarte -> 3 pokoje + Hala Garażowa,510 281,10193zł/m²
⭐3 pokoje + Ogród + Hala Garażowa⭐ Dni Otwarte,524 993,10367zł/m²
OGRÓDEK | Cena promocyjna po rabacie 23% | Ostatnie!,545 664,10530zł/m²
PIĘKNE M4 | Narożne i doświetlone | Oszczędzasz 118 tyś!,564 408,10530zł/m²
2-pokojowe mieszkanie 40m2 + balkon Bez Prowizji,554 175,13646zł/m²
NOWE 2 POKOJE | Oszczędzasz 88 tyś | Tylko w CZERWCU!,437 310,11193zł/m²
⭐2 pokoje + Miejsce Postojowe 5 tys.zl⭐ Hit cenowy,369 549,11212zł/m²
❗Słoneczne 3 pokoje + Garaż 5tyś+ 15Min CENTRUM/PLAŻA + Umów sie ❗,498 000,10163zł/m²
❗Najtańsze 2 pokoje +15Min CENTRUM/PLAŻA + Parking 5tyś + ZGARNIJ Bon❗,364 800,11055zł/m²
Zbożowa,Brak ceny,Brak ceny za m2
